_id,baseYmd,touDivNm,predicted_touNum,signguCode
6763f65f24a37b0ba0df6421,20241230,현지인(a),10949.6396484375,11110
6763f65f24a37b0ba0df6422,20241230,외지인(b),16422.21875,11110
6763f65f24a37b0ba0df6423,20241230,외국인(c),32.596927642822266,11110
6763f65f24a37b0ba0df6424,20241231,현지인(a),11799.0078125,11140
6763f65f24a37b0ba0df6425,20241231,외지인(b),20092.134765625,11140
6763f65f24a37b0ba0df6426,20241231,외국인(c),22.49367332458496,11140
6763f65f24a37b0ba0df6427,20250101,현지인(a),62654.234375,11170
6763f65f24a37b0ba0df6428,20250101,외지인(b),20550.1015625,11170
6763f65f24a37b0ba0df6429,20250101,외국인(c),26.74288558959961,11170
6763f65f24a37b0ba0df642a,20250102,현지인(a),12382.7451171875,11200
6763f65f24a37b0ba0df642b,20250102,외지인(b),12540.974609375,11200
6763f65f24a37b0ba0df642c,20250102,외국인(c),19.067174911499023,11200
6763f65f24a37b0ba0df642d,20250103,현지인(a),18752.04296875,11215
6763f65f24a37b0ba0df642e,20250103,외지인(b),61842.421875,11215
6763f65f24a37b0ba0df642f,20250103,외국인(c),16.1019229888916,11215
6763f65f24a37b0ba0df6430,20250104,현지인(a),32622.865234375,11230
6763f65f24a37b0ba0df6431,20250104,외지인(b),20896.779296875,11230
6763f65f24a37b0ba0df6432,20250104,외국인(c),16.613136291503906,11230
6763f65f24a37b0ba0df6433,20250105,현지인(a),14335.6953125,11260
6763f65f24a37b0ba0df6434,20250105,외지인(b),27929.869140625,11260
6763f65f24a37b0ba0df6435,20250105,외국인(c),29.803512573242188,11260
6763f65f24a37b0ba0df6436,20250106,현지인(a),10949.6396484375,11290
6763f65f24a37b0ba0df6437,20250106,외지인(b),16422.21875,11290
6763f65f24a37b0ba0df6438,20250106,외국인(c),17.19803810119629,11290
6763f65f24a37b0ba0df6439,20250107,현지인(a),11799.0078125,11305
6763f65f24a37b0ba0df643a,20250107,외지인(b),20092.134765625,11305
6763f65f24a37b0ba0df643b,20250107,외국인(c),22.49367332458496,11305
6763f65f24a37b0ba0df643c,20250108,현지인(a),62654.234375,11320
6763f65f24a37b0ba0df643d,20250108,외지인(b),20550.1015625,11320
6763f65f24a37b0ba0df643e,20250108,외국인(c),49.556373596191406,11320
6763f65f24a37b0ba0df643f,20250109,현지인(a),10550.0517578125,11350
6763f65f24a37b0ba0df6440,20250109,외지인(b),28543.162109375,11350
6763f65f24a37b0ba0df6441,20250109,외국인(c),19.067174911499023,11350
6763f65f24a37b0ba0df6442,20250110,현지인(a),18752.04296875,11380
6763f65f24a37b0ba0df6443,20250110,외지인(b),61842.421875,11380
6763f65f24a37b0ba0df6444,20250110,외국인(c),16.1019229888916,11380
6763f65f24a37b0ba0df6445,20250111,현지인(a),32622.865234375,11410
6763f65f24a37b0ba0df6446,20250111,외지인(b),20896.779296875,11410
6763f65f24a37b0ba0df6447,20250111,외국인(c),16.613136291503906,11410
6763f65f24a37b0ba0df6448,20250112,현지인(a),14335.6953125,11440
6763f65f24a37b0ba0df6449,20250112,외지인(b),27929.869140625,11440
6763f65f24a37b0ba0df644a,20250112,외국인(c),29.803512573242188,11440
6763f65f24a37b0ba0df644b,20250113,현지인(a),10949.6396484375,11470
6763f65f24a37b0ba0df644c,20250113,외지인(b),16422.21875,11470
6763f65f24a37b0ba0df644d,20250113,외국인(c),17.19803810119629,11470
6763f65f24a37b0ba0df644e,20250114,현지인(a),11799.0078125,11500
6763f65f24a37b0ba0df644f,20250114,외지인(b),20092.134765625,11500
6763f65f24a37b0ba0df6450,20250114,외국인(c),22.49367332458496,11500
6763f65f24a37b0ba0df6451,20250115,현지인(a),62654.234375,11530
6763f65f24a37b0ba0df6452,20250115,외지인(b),20550.1015625,11530
6763f65f24a37b0ba0df6453,20250115,외국인(c),26.74288558959961,11530
6763f65f24a37b0ba0df6454,20250116,현지인(a),12382.7451171875,11545
6763f65f24a37b0ba0df6455,20250116,외지인(b),12540.974609375,11545
6763f65f24a37b0ba0df6456,20250116,외국인(c),19.067174911499023,11545
6763f65f24a37b0ba0df6457,20250117,현지인(a),18752.04296875,11560
6763f65f24a37b0ba0df6458,20250117,외지인(b),61842.421875,11560
6763f65f24a37b0ba0df6459,20250117,외국인(c),16.1019229888916,11560
6763f65f24a37b0ba0df645a,20250118,현지인(a),32622.865234375,11590
6763f65f24a37b0ba0df645b,20250118,외지인(b),20896.779296875,11590
6763f65f24a37b0ba0df645c,20250118,외국인(c),16.613136291503906,11590
6763f65f24a37b0ba0df645d,20250119,현지인(a),14335.6953125,11620
6763f65f24a37b0ba0df645e,20250119,외지인(b),24232.064453125,11620
6763f65f24a37b0ba0df645f,20250119,외국인(c),18.093769073486328,11620
6763f65f24a37b0ba0df6460,20250120,현지인(a),8721.0400390625,11650
6763f65f24a37b0ba0df6461,20250120,외지인(b),7900.0166015625,11650
6763f65f24a37b0ba0df6462,20250120,외국인(c),13.670098304748535,11650
6763f65f24a37b0ba0df6463,20250121,현지인(a),9603.9189453125,11680
6763f65f24a37b0ba0df6464,20250121,외지인(b),9089.4765625,11680
6763f65f24a37b0ba0df6465,20250121,외국인(c),13.51320743560791,11680
6763f65f24a37b0ba0df6466,20250122,현지인(a),10131.1689453125,11710
6763f65f24a37b0ba0df6467,20250122,외지인(b),10508.8974609375,11710
6763f65f24a37b0ba0df6468,20250122,외국인(c),16.72156524658203,11710
6763f65f24a37b0ba0df6469,20250123,현지인(a),9568.9453125,11740
6763f65f24a37b0ba0df646a,20250123,외지인(b),5968.38330078125,11740
6763f65f24a37b0ba0df646b,20250123,외국인(c),12.785468101501465,11740
6763f65f24a37b0ba0df646c,20250124,현지인(a),13289.5078125,26110
6763f65f24a37b0ba0df646d,20250124,외지인(b),20961.890625,26110
6763f65f24a37b0ba0df646e,20250124,외국인(c),12.234386444091797,26110
6763f65f24a37b0ba0df646f,20250125,현지인(a),16663.927734375,26140
6763f65f24a37b0ba0df6470,20250125,외지인(b),10331.806640625,26140
6763f65f24a37b0ba0df6471,20250125,외국인(c),11.977655410766602,26140
6763f65f24a37b0ba0df6472,20250126,현지인(a),10740.1298828125,26170
6763f65f24a37b0ba0df6473,20250126,외지인(b),11689.2275390625,26170
6763f65f24a37b0ba0df6474,20250126,외국인(c),18.093769073486328,26170
6763f65f24a37b0ba0df6475,20250127,현지인(a),9775.3759765625,26200
6763f65f24a37b0ba0df6476,20250127,외지인(b),7900.0166015625,26200
6763f65f24a37b0ba0df6477,20250127,외국인(c),13.670098304748535,26200
6763f65f24a37b0ba0df6478,20250128,현지인(a),9603.9189453125,26230
6763f65f24a37b0ba0df6479,20250128,외지인(b),9089.4765625,26230
6763f65f24a37b0ba0df647a,20250128,외국인(c),13.51320743560791,26230
6763f65f24a37b0ba0df647b,20250129,현지인(a),10131.1689453125,26260
6763f65f24a37b0ba0df647c,20250129,외지인(b),10508.8974609375,26260
6763f65f24a37b0ba0df647d,20250129,외국인(c),16.72156524658203,26260
6763f65f24a37b0ba0df647e,20250130,현지인(a),9568.9453125,26290
6763f65f24a37b0ba0df647f,20250130,외지인(b),5968.38330078125,26290
6763f65f24a37b0ba0df6480,20250130,외국인(c),12.785468101501465,26290
6763f65f24a37b0ba0df6481,20250131,현지인(a),13289.5078125,26320
6763f65f24a37b0ba0df6482,20250131,외지인(b),20961.890625,26320
6763f65f24a37b0ba0df6483,20250131,외국인(c),12.234386444091797,26320
6763f65f24a37b0ba0df6484,20250201,현지인(a),16663.927734375,26350
6763f65f24a37b0ba0df6485,20250201,외지인(b),10331.806640625,26350
6763f65f24a37b0ba0df6486,20250201,외국인(c),11.977655410766602,26350
6763f65f24a37b0ba0df6487,20250202,현지인(a),10740.1298828125,26380
6763f65f24a37b0ba0df6488,20250202,외지인(b),11689.2275390625,26380
6763f65f24a37b0ba0df6489,20250202,외국인(c),18.093769073486328,26380
6763f65f24a37b0ba0df648a,20250203,현지인(a),9775.3759765625,26410
6763f65f24a37b0ba0df648b,20250203,외지인(b),7900.0166015625,26410
6763f65f24a37b0ba0df648c,20250203,외국인(c),13.670098304748535,26410
6763f65f24a37b0ba0df648d,20250204,현지인(a),9603.9189453125,26440
6763f65f24a37b0ba0df648e,20250204,외지인(b),9089.4765625,26440
6763f65f24a37b0ba0df648f,20250204,외국인(c),13.51320743560791,26440
6763f65f24a37b0ba0df6490,20250205,현지인(a),10131.1689453125,26470
6763f65f24a37b0ba0df6491,20250205,외지인(b),10508.8974609375,26470
6763f65f24a37b0ba0df6492,20250205,외국인(c),16.72156524658203,26470
6763f65f24a37b0ba0df6493,20250206,현지인(a),9568.9453125,26500
6763f65f24a37b0ba0df6494,20250206,외지인(b),5968.38330078125,26500
6763f65f24a37b0ba0df6495,20250206,외국인(c),12.785468101501465,26500
6763f65f24a37b0ba0df6496,20250207,현지인(a),13289.5078125,26530
6763f65f24a37b0ba0df6497,20250207,외지인(b),20961.890625,26530
6763f65f24a37b0ba0df6498,20250207,외국인(c),12.234386444091797,26530
6763f65f24a37b0ba0df6499,20250208,현지인(a),16663.927734375,26710
6763f65f24a37b0ba0df649a,20250208,외지인(b),10331.806640625,26710
6763f65f24a37b0ba0df649b,20250208,외국인(c),11.977655410766602,26710
6763f65f24a37b0ba0df649c,20250209,현지인(a),10740.1298828125,27110
6763f65f24a37b0ba0df649d,20250209,외지인(b),11689.2275390625,27110
6763f65f24a37b0ba0df649e,20250209,외국인(c),18.093769073486328,27110
6763f65f24a37b0ba0df649f,20250210,현지인(a),8721.0400390625,27140
6763f65f24a37b0ba0df64a0,20250210,외지인(b),20771.44140625,27140
6763f65f24a37b0ba0df64a1,20250210,외국인(c),13.670098304748535,27140
6763f65f24a37b0ba0df64a2,20250211,현지인(a),9603.9189453125,27170
6763f65f24a37b0ba0df64a3,20250211,외지인(b),9089.4765625,27170
6763f65f24a37b0ba0df64a4,20250211,외국인(c),13.51320743560791,27170
6763f65f24a37b0ba0df64a5,20250212,현지인(a),10131.1689453125,27200
6763f65f24a37b0ba0df64a6,20250212,외지인(b),10508.8974609375,27200
6763f65f24a37b0ba0df64a7,20250212,외국인(c),16.72156524658203,27200
6763f65f24a37b0ba0df64a8,20250213,현지인(a),9568.9453125,27230
6763f65f24a37b0ba0df64a9,20250213,외지인(b),5968.38330078125,27230
6763f65f24a37b0ba0df64aa,20250213,외국인(c),12.785468101501465,27230
6763f65f24a37b0ba0df64ab,20250214,현지인(a),13289.5078125,27260
6763f65f24a37b0ba0df64ac,20250214,외지인(b),20961.890625,27260
6763f65f24a37b0ba0df64ad,20250214,외국인(c),12.234386444091797,27260
6763f65f24a37b0ba0df64ae,20250215,현지인(a),16663.927734375,27290
6763f65f24a37b0ba0df64af,20250215,외지인(b),10331.806640625,27290
6763f65f24a37b0ba0df64b0,20250215,외국인(c),11.977655410766602,27290
6763f65f24a37b0ba0df64b1,20250216,현지인(a),10740.1298828125,27710
6763f65f24a37b0ba0df64b2,20250216,외지인(b),11689.2275390625,27710
6763f65f24a37b0ba0df64b3,20250216,외국인(c),18.093769073486328,27710
6763f65f24a37b0ba0df64b4,20250217,현지인(a),9775.3759765625,27720
6763f65f24a37b0ba0df64b5,20250217,외지인(b),7900.0166015625,27720
6763f65f24a37b0ba0df64b6,20250217,외국인(c),13.670098304748535,27720
6763f65f24a37b0ba0df64b7,20250218,현지인(a),9603.9189453125,28110
6763f65f24a37b0ba0df64b8,20250218,외지인(b),9089.4765625,28110
6763f65f24a37b0ba0df64b9,20250218,외국인(c),13.51320743560791,28110
6763f65f24a37b0ba0df64ba,20250219,현지인(a),11735.5185546875,28140
6763f65f24a37b0ba0df64bb,20250219,외지인(b),9226.2314453125,28140
6763f65f24a37b0ba0df64bc,20250219,외국인(c),19.05222511291504,28140
6763f65f24a37b0ba0df64bd,20250220,현지인(a),6955.4697265625,28177
6763f65f24a37b0ba0df64be,20250220,외지인(b),5382.0634765625,28177
6763f65f24a37b0ba0df64bf,20250220,외국인(c),24.126628875732422,28177
6763f65f24a37b0ba0df64c0,20250221,현지인(a),11135.185546875,28185
6763f65f24a37b0ba0df64c1,20250221,외지인(b),36316.92578125,28185
6763f65f24a37b0ba0df64c2,20250221,외국인(c),11.473058700561523,28185
6763f65f24a37b0ba0df64c3,20250222,현지인(a),14448.7177734375,28200
6763f65f24a37b0ba0df64c4,20250222,외지인(b),9461.9814453125,28200
6763f65f24a37b0ba0df64c5,20250222,외국인(c),11.661412239074707,28200
6763f65f24a37b0ba0df64c6,20250223,현지인(a),9129.3994140625,28237
6763f65f24a37b0ba0df64c7,20250223,외지인(b),14354.78125,28237
6763f65f24a37b0ba0df64c8,20250223,외국인(c),28.684003829956055,28237
6763f65f24a37b0ba0df64c9,20250224,현지인(a),6261.939453125,28245
6763f65f24a37b0ba0df64ca,20250224,외지인(b),8489.8740234375,28245
6763f65f24a37b0ba0df64cb,20250224,외국인(c),12.141813278198242,28245
6763f65f24a37b0ba0df64cc,20250225,현지인(a),7642.88916015625,28260
6763f65f24a37b0ba0df64cd,20250225,외지인(b),10047.392578125,28260
6763f65f24a37b0ba0df64ce,20250225,외국인(c),16.49030303955078,28260
6763f65f24a37b0ba0df64cf,20250226,현지인(a),11735.5185546875,28710
6763f65f24a37b0ba0df64d0,20250226,외지인(b),9226.2314453125,28710
6763f65f24a37b0ba0df64d1,20250226,외국인(c),19.05222511291504,28710
6763f65f24a37b0ba0df64d2,20250227,현지인(a),6955.4697265625,28720
6763f65f24a37b0ba0df64d3,20250227,외지인(b),5382.0634765625,28720
6763f65f24a37b0ba0df64d4,20250227,외국인(c),13.962892532348633,28720
6763f65f24a37b0ba0df64d5,20250228,현지인(a),11135.185546875,29110
6763f65f24a37b0ba0df64d6,20250228,외지인(b),36316.92578125,29110
6763f65f24a37b0ba0df64d7,20250228,외국인(c),11.473058700561523,29110
6763f65f24a37b0ba0df64d8,20250301,현지인(a),14448.7177734375,29140
6763f65f24a37b0ba0df64d9,20250301,외지인(b),9461.9814453125,29140
6763f65f24a37b0ba0df64da,20250301,외국인(c),11.661412239074707,29140
6763f65f24a37b0ba0df64db,20250302,현지인(a),9129.3994140625,29155
6763f65f24a37b0ba0df64dc,20250302,외지인(b),14354.78125,29155
6763f65f24a37b0ba0df64dd,20250302,외국인(c),28.684003829956055,29155
6763f65f24a37b0ba0df64de,20250303,현지인(a),6261.939453125,29170
6763f65f24a37b0ba0df64df,20250303,외지인(b),8489.8740234375,29170
6763f65f24a37b0ba0df64e0,20250303,외국인(c),12.141813278198242,29170
6763f65f24a37b0ba0df64e1,20250304,현지인(a),7642.88916015625,29200
6763f65f24a37b0ba0df64e2,20250304,외지인(b),10047.392578125,29200
6763f65f24a37b0ba0df64e3,20250304,외국인(c),16.49030303955078,29200
6763f65f24a37b0ba0df64e4,20250305,현지인(a),11735.5185546875,30110
6763f65f24a37b0ba0df64e5,20250305,외지인(b),9226.2314453125,30110
6763f65f24a37b0ba0df64e6,20250305,외국인(c),19.05222511291504,30110
6763f65f24a37b0ba0df64e7,20250306,현지인(a),6955.4697265625,30140
6763f65f24a37b0ba0df64e8,20250306,외지인(b),5382.0634765625,30140
6763f65f24a37b0ba0df64e9,20250306,외국인(c),13.962892532348633,30140
6763f65f24a37b0ba0df64ea,20250307,현지인(a),11135.185546875,30170
6763f65f24a37b0ba0df64eb,20250307,외지인(b),36316.92578125,30170
6763f65f24a37b0ba0df64ec,20250307,외국인(c),11.473058700561523,30170
6763f65f24a37b0ba0df64ed,20250308,현지인(a),14448.7177734375,30200
6763f65f24a37b0ba0df64ee,20250308,외지인(b),9461.9814453125,30200
6763f65f24a37b0ba0df64ef,20250308,외국인(c),11.661412239074707,30200
6763f65f24a37b0ba0df64f0,20250309,현지인(a),9129.3994140625,30230
6763f65f24a37b0ba0df64f1,20250309,외지인(b),14354.78125,30230
6763f65f24a37b0ba0df64f2,20250309,외국인(c),28.684003829956055,30230
6763f65f24a37b0ba0df64f3,20250310,현지인(a),6261.939453125,31110
6763f65f24a37b0ba0df64f4,20250310,외지인(b),8489.8740234375,31110
6763f65f24a37b0ba0df64f5,20250310,외국인(c),12.141813278198242,31110
6763f65f24a37b0ba0df64f6,20250311,현지인(a),7642.88916015625,31140
6763f65f24a37b0ba0df64f7,20250311,외지인(b),10047.392578125,31140
6763f65f24a37b0ba0df64f8,20250311,외국인(c),16.49030303955078,31140
6763f65f24a37b0ba0df64f9,20250312,현지인(a),11735.5185546875,31170
6763f65f24a37b0ba0df64fa,20250312,외지인(b),9226.2314453125,31170
6763f65f24a37b0ba0df64fb,20250312,외국인(c),19.05222511291504,31170
6763f65f24a37b0ba0df64fc,20250313,현지인(a),6955.4697265625,31200
6763f65f24a37b0ba0df64fd,20250313,외지인(b),5382.0634765625,31200
6763f65f24a37b0ba0df64fe,20250313,외국인(c),13.962892532348633,31200
6763f65f24a37b0ba0df64ff,20250314,현지인(a),11135.185546875,31710
6763f65f24a37b0ba0df6500,20250314,외지인(b),36316.92578125,31710
6763f65f24a37b0ba0df6501,20250314,외국인(c),11.473058700561523,31710
6763f65f24a37b0ba0df6502,20250315,현지인(a),14448.7177734375,36110
6763f65f24a37b0ba0df6503,20250315,외지인(b),9461.9814453125,36110
6763f65f24a37b0ba0df6504,20250315,외국인(c),11.661412239074707,36110
6763f65f24a37b0ba0df6505,20250316,현지인(a),8122.5419921875,41111
6763f65f24a37b0ba0df6506,20250316,외지인(b),14354.78125,41111
6763f65f24a37b0ba0df6507,20250316,외국인(c),28.684003829956055,41111
6763f65f24a37b0ba0df6508,20250317,현지인(a),6261.939453125,41113
6763f65f24a37b0ba0df6509,20250317,외지인(b),8489.8740234375,41113
6763f65f24a37b0ba0df650a,20250317,외국인(c),12.141813278198242,41113
6763f65f24a37b0ba0df650b,20250318,현지인(a),7642.88916015625,41115
6763f65f24a37b0ba0df650c,20250318,외지인(b),10047.392578125,41115
6763f65f24a37b0ba0df650d,20250318,외국인(c),16.49030303955078,41115
6763f65f24a37b0ba0df650e,20250319,현지인(a),11735.5185546875,41117
6763f65f24a37b0ba0df650f,20250319,외지인(b),9226.2314453125,41117
6763f65f24a37b0ba0df6510,20250319,외국인(c),19.05222511291504,41117
6763f65f24a37b0ba0df6511,20250320,현지인(a),6955.4697265625,41131
6763f65f24a37b0ba0df6512,20250320,외지인(b),5382.0634765625,41131
6763f65f24a37b0ba0df6513,20250320,외국인(c),13.962892532348633,41131
6763f65f24a37b0ba0df6514,20250321,현지인(a),11135.185546875,41133
6763f65f24a37b0ba0df6515,20250321,외지인(b),36316.92578125,41133
6763f65f24a37b0ba0df6516,20250321,외국인(c),11.750161170959473,41133
6763f65f24a37b0ba0df6517,20250322,현지인(a),15561.439453125,41135
6763f65f24a37b0ba0df6518,20250322,외지인(b),9244.8525390625,41135
6763f65f24a37b0ba0df6519,20250322,외국인(c),10.949498176574707,41135
6763f65f24a37b0ba0df651a,20250323,현지인(a),8257.3017578125,41150
6763f65f24a37b0ba0df651b,20250323,외지인(b),11258.763671875,41150
6763f65f24a37b0ba0df651c,20250323,외국인(c),23.71782875061035,41150
6763f65f24a37b0ba0df651d,20250324,현지인(a),6864.49755859375,41171
6763f65f24a37b0ba0df651e,20250324,외지인(b),7756.12841796875,41171
6763f65f24a37b0ba0df651f,20250324,외국인(c),12.459249496459961,41171
6763f65f24a37b0ba0df6520,20250325,현지인(a),7364.53369140625,41173
6763f65f24a37b0ba0df6521,20250325,외지인(b),7972.76806640625,41173
6763f65f24a37b0ba0df6522,20250325,외국인(c),17.26658058166504,41173
6763f65f24a37b0ba0df6523,20250326,현지인(a),10140.44921875,41190
6763f65f24a37b0ba0df6524,20250326,외지인(b),8490.1982421875,41190
6763f65f24a37b0ba0df6525,20250326,외국인(c),18.663578033447266,41190
6763f65f24a37b0ba0df6526,20250327,현지인(a),7744.97314453125,41210
6763f65f24a37b0ba0df6527,20250327,외지인(b),4753.6435546875,41210
6763f65f24a37b0ba0df6528,20250327,외국인(c),12.264339447021484,41210
6763f65f24a37b0ba0df6529,20250328,현지인(a),11484.533203125,41220
6763f65f24a37b0ba0df652a,20250328,외지인(b),27446.041015625,41220
6763f65f24a37b0ba0df652b,20250328,외국인(c),11.750161170959473,41220
6763f65f24a37b0ba0df652c,20250329,현지인(a),15561.439453125,41250
6763f65f24a37b0ba0df652d,20250329,외지인(b),9244.8525390625,41250
6763f65f24a37b0ba0df652e,20250329,외국인(c),10.949498176574707,41250
6763f65f24a37b0ba0df652f,20250330,현지인(a),8257.3017578125,41271
6763f65f24a37b0ba0df6530,20250330,외지인(b),11258.763671875,41271
6763f65f24a37b0ba0df6531,20250330,외국인(c),23.71782875061035,41271
6763f65f24a37b0ba0df6532,20250331,현지인(a),6864.49755859375,41273
6763f65f24a37b0ba0df6533,20250331,외지인(b),7756.12841796875,41273
6763f65f24a37b0ba0df6534,20250331,외국인(c),12.459249496459961,41273
6763f65f24a37b0ba0df6535,20250401,현지인(a),7364.53369140625,41281
6763f65f24a37b0ba0df6536,20250401,외지인(b),29282.529296875,41281
6763f65f24a37b0ba0df6537,20250401,외국인(c),17.26658058166504,41281
6763f65f24a37b0ba0df6538,20250402,현지인(a),7194.748046875,41285
6763f65f24a37b0ba0df6539,20250402,외지인(b),44594.7890625,41285
6763f65f24a37b0ba0df653a,20250402,외국인(c),30.613483428955078,41285
6763f65f24a37b0ba0df653b,20250403,현지인(a),6650.755859375,41287
6763f65f24a37b0ba0df653c,20250403,외지인(b),13625.51171875,41287
6763f65f24a37b0ba0df653d,20250403,외국인(c),12.264339447021484,41287
6763f65f24a37b0ba0df653e,20250404,현지인(a),11484.533203125,41290
6763f65f24a37b0ba0df653f,20250404,외지인(b),27446.041015625,41290
6763f65f24a37b0ba0df6540,20250404,외국인(c),11.750161170959473,41290
6763f65f24a37b0ba0df6541,20250405,현지인(a),15561.439453125,41310
6763f65f24a37b0ba0df6542,20250405,외지인(b),9244.8525390625,41310
6763f65f24a37b0ba0df6543,20250405,외국인(c),10.949498176574707,41310
6763f65f24a37b0ba0df6544,20250406,현지인(a),8257.3017578125,41360
6763f65f24a37b0ba0df6545,20250406,외지인(b),11258.763671875,41360
6763f65f24a37b0ba0df6546,20250406,외국인(c),23.71782875061035,41360
6763f65f24a37b0ba0df6547,20250407,현지인(a),6864.49755859375,41370
6763f65f24a37b0ba0df6548,20250407,외지인(b),7756.12841796875,41370
6763f65f24a37b0ba0df6549,20250407,외국인(c),12.459249496459961,41370
6763f65f24a37b0ba0df654a,20250408,현지인(a),7364.53369140625,41390
6763f65f24a37b0ba0df654b,20250408,외지인(b),7972.76806640625,41390
6763f65f24a37b0ba0df654c,20250408,외국인(c),17.26658058166504,41390
6763f65f24a37b0ba0df654d,20250409,현지인(a),10140.44921875,41410
6763f65f24a37b0ba0df654e,20250409,외지인(b),8490.1982421875,41410
6763f65f24a37b0ba0df654f,20250409,외국인(c),18.663578033447266,41410
6763f65f24a37b0ba0df6550,20250410,현지인(a),7744.97314453125,41430
6763f65f24a37b0ba0df6551,20250410,외지인(b),4753.6435546875,41430
6763f65f24a37b0ba0df6552,20250410,외국인(c),12.264339447021484,41430
6763f65f24a37b0ba0df6553,20250411,현지인(a),11484.533203125,41450
6763f65f24a37b0ba0df6554,20250411,외지인(b),27446.041015625,41450
6763f65f24a37b0ba0df6555,20250411,외국인(c),11.750161170959473,41450
6763f65f24a37b0ba0df6556,20250412,현지인(a),15561.439453125,41461
6763f65f24a37b0ba0df6557,20250412,외지인(b),9244.8525390625,41461
6763f65f24a37b0ba0df6558,20250412,외국인(c),10.949498176574707,41461
6763f65f24a37b0ba0df6559,20250413,현지인(a),8257.3017578125,41463
6763f65f24a37b0ba0df655a,20250413,외지인(b),11258.763671875,41463
6763f65f24a37b0ba0df655b,20250413,외국인(c),23.71782875061035,41463
6763f65f24a37b0ba0df655c,20250414,현지인(a),6864.49755859375,41465
6763f65f24a37b0ba0df655d,20250414,외지인(b),7756.12841796875,41465
6763f65f24a37b0ba0df655e,20250414,외국인(c),12.459249496459961,41465
6763f65f24a37b0ba0df655f,20250415,현지인(a),7364.53369140625,41480
6763f65f24a37b0ba0df6560,20250415,외지인(b),7972.76806640625,41480
6763f65f24a37b0ba0df6561,20250415,외국인(c),17.26658058166504,41480
6763f65f24a37b0ba0df6562,20250416,현지인(a),10140.44921875,41500
6763f65f24a37b0ba0df6563,20250416,외지인(b),8490.1982421875,41500
6763f65f24a37b0ba0df6564,20250416,외국인(c),18.663578033447266,41500
6763f65f24a37b0ba0df6565,20250417,현지인(a),7744.97314453125,41550
6763f65f24a37b0ba0df6566,20250417,외지인(b),4753.6435546875,41550
6763f65f24a37b0ba0df6567,20250417,외국인(c),12.264339447021484,41550
6763f65f24a37b0ba0df6568,20250418,현지인(a),11484.533203125,41570
6763f65f24a37b0ba0df6569,20250418,외지인(b),27446.041015625,41570
6763f65f24a37b0ba0df656a,20250418,외국인(c),11.750161170959473,41570
6763f65f24a37b0ba0df656b,20250419,현지인(a),15561.439453125,41590
6763f65f24a37b0ba0df656c,20250419,외지인(b),9244.8525390625,41590
6763f65f24a37b0ba0df656d,20250419,외국인(c),10.949498176574707,41590
6763f65f24a37b0ba0df656e,20250420,현지인(a),8257.3017578125,41610
6763f65f24a37b0ba0df656f,20250420,외지인(b),11258.763671875,41610
6763f65f24a37b0ba0df6570,20250420,외국인(c),23.71782875061035,41610
6763f65f24a37b0ba0df6571,20250421,현지인(a),10949.6396484375,41630
6763f65f24a37b0ba0df6572,20250421,외지인(b),16422.21875,41630
6763f65f24a37b0ba0df6573,20250421,외국인(c),17.19803810119629,41630
6763f65f24a37b0ba0df6574,20250422,현지인(a),11799.0078125,41650
6763f65f24a37b0ba0df6575,20250422,외지인(b),20092.134765625,41650
6763f65f24a37b0ba0df6576,20250422,외국인(c),22.49367332458496,41650
6763f65f24a37b0ba0df6577,20250423,현지인(a),62654.234375,41670
6763f65f24a37b0ba0df6578,20250423,외지인(b),20550.1015625,41670
6763f65f24a37b0ba0df6579,20250423,외국인(c),26.74288558959961,41670
6763f65f24a37b0ba0df657a,20250424,현지인(a),12382.7451171875,41800
6763f65f24a37b0ba0df657b,20250424,외지인(b),12540.974609375,41800
6763f65f24a37b0ba0df657c,20250424,외국인(c),19.067174911499023,41800
6763f65f24a37b0ba0df657d,20250425,현지인(a),18752.04296875,41820
6763f65f24a37b0ba0df657e,20250425,외지인(b),61842.421875,41820
6763f65f24a37b0ba0df657f,20250425,외국인(c),16.1019229888916,41820
6763f65f24a37b0ba0df6580,20250426,현지인(a),32622.865234375,41830
6763f65f24a37b0ba0df6581,20250426,외지인(b),20896.779296875,41830
6763f65f24a37b0ba0df6582,20250426,외국인(c),16.613136291503906,41830
6763f65f24a37b0ba0df6583,20250427,현지인(a),14335.6953125,43111
6763f65f24a37b0ba0df6584,20250427,외지인(b),27929.869140625,43111
6763f65f24a37b0ba0df6585,20250427,외국인(c),29.803512573242188,43111
6763f65f24a37b0ba0df6586,20250428,현지인(a),10949.6396484375,43112
6763f65f24a37b0ba0df6587,20250428,외지인(b),16422.21875,43112
6763f65f24a37b0ba0df6588,20250428,외국인(c),17.19803810119629,43112
6763f65f24a37b0ba0df6589,20250429,현지인(a),9999.115234375,43113
6763f65f24a37b0ba0df658a,20250429,외지인(b),20092.134765625,43113
6763f65f24a37b0ba0df658b,20250429,외국인(c),22.49367332458496,43113
6763f65f24a37b0ba0df658c,20250430,현지인(a),62654.234375,43114
6763f65f24a37b0ba0df658d,20250430,외지인(b),20550.1015625,43114
6763f65f24a37b0ba0df658e,20250430,외국인(c),26.74288558959961,43114
6763f65f24a37b0ba0df658f,20250501,현지인(a),12382.7451171875,43130
6763f65f24a37b0ba0df6590,20250501,외지인(b),20550.1015625,43130
6763f65f24a37b0ba0df6591,20250501,외국인(c),26.74288558959961,43130
6763f65f24a37b0ba0df6592,20250502,현지인(a),10550.0517578125,43150
6763f65f24a37b0ba0df6593,20250502,외지인(b),12540.974609375,43150
6763f65f24a37b0ba0df6594,20250502,외국인(c),19.067174911499023,43150
6763f65f24a37b0ba0df6595,20250503,현지인(a),18752.04296875,43720
6763f65f24a37b0ba0df6596,20250503,외지인(b),61842.421875,43720
6763f65f24a37b0ba0df6597,20250503,외국인(c),16.1019229888916,43720
6763f65f24a37b0ba0df6598,20250504,현지인(a),32622.865234375,43730
6763f65f24a37b0ba0df6599,20250504,외지인(b),20896.779296875,43730
6763f65f24a37b0ba0df659a,20250504,외국인(c),16.613136291503906,43730
6763f65f24a37b0ba0df659b,20250505,현지인(a),14335.6953125,43740
6763f65f24a37b0ba0df659c,20250505,외지인(b),27929.869140625,43740
6763f65f24a37b0ba0df659d,20250505,외국인(c),29.803512573242188,43740
6763f65f24a37b0ba0df659e,20250506,현지인(a),10949.6396484375,43745
6763f65f24a37b0ba0df659f,20250506,외지인(b),16422.21875,43745
6763f65f24a37b0ba0df65a0,20250506,외국인(c),17.19803810119629,43745
6763f65f24a37b0ba0df65a1,20250507,현지인(a),11799.0078125,43750
6763f65f24a37b0ba0df65a2,20250507,외지인(b),20092.134765625,43750
6763f65f24a37b0ba0df65a3,20250507,외국인(c),22.49367332458496,43750
6763f65f24a37b0ba0df65a4,20250508,현지인(a),62654.234375,43760
6763f65f24a37b0ba0df65a5,20250508,외지인(b),20550.1015625,43760
6763f65f24a37b0ba0df65a6,20250508,외국인(c),26.74288558959961,43760
6763f65f24a37b0ba0df65a7,20250509,현지인(a),12382.7451171875,43770
6763f65f24a37b0ba0df65a8,20250509,외지인(b),12540.974609375,43770
6763f65f24a37b0ba0df65a9,20250509,외국인(c),19.067174911499023,43770
6763f65f24a37b0ba0df65aa,20250510,현지인(a),18752.04296875,43800
6763f65f24a37b0ba0df65ab,20250510,외지인(b),61842.421875,43800
6763f65f24a37b0ba0df65ac,20250510,외국인(c),16.1019229888916,43800
6763f65f24a37b0ba0df65ad,20250511,현지인(a),25292.888671875,44131
6763f65f24a37b0ba0df65ae,20250511,외지인(b),49665.33984375,44131
6763f65f24a37b0ba0df65af,20250511,외국인(c),30.197208404541016,44131
6763f65f24a37b0ba0df65b0,20250512,현지인(a),14335.6953125,44133
6763f65f24a37b0ba0df65b1,20250512,외지인(b),27929.869140625,44133
6763f65f24a37b0ba0df65b2,20250512,외국인(c),29.803512573242188,44133
6763f65f24a37b0ba0df65b3,20250513,현지인(a),10949.6396484375,44150
6763f65f24a37b0ba0df65b4,20250513,외지인(b),16422.21875,44150
6763f65f24a37b0ba0df65b5,20250513,외국인(c),17.19803810119629,44150
6763f65f24a37b0ba0df65b6,20250514,현지인(a),11799.0078125,44180
6763f65f24a37b0ba0df65b7,20250514,외지인(b),20092.134765625,44180
6763f65f24a37b0ba0df65b8,20250514,외국인(c),22.49367332458496,44180
6763f65f24a37b0ba0df65b9,20250515,현지인(a),62654.234375,44200
6763f65f24a37b0ba0df65ba,20250515,외지인(b),20550.1015625,44200
6763f65f24a37b0ba0df65bb,20250515,외국인(c),26.74288558959961,44200
6763f65f24a37b0ba0df65bc,20250516,현지인(a),12382.7451171875,44210
6763f65f24a37b0ba0df65bd,20250516,외지인(b),12540.974609375,44210
6763f65f24a37b0ba0df65be,20250516,외국인(c),19.067174911499023,44210
6763f65f24a37b0ba0df65bf,20250517,현지인(a),18752.04296875,44230
6763f65f24a37b0ba0df65c0,20250517,외지인(b),61842.421875,44230
6763f65f24a37b0ba0df65c1,20250517,외국인(c),16.1019229888916,44230
6763f65f24a37b0ba0df65c2,20250518,현지인(a),32622.865234375,44250
6763f65f24a37b0ba0df65c3,20250518,외지인(b),20896.779296875,44250
6763f65f24a37b0ba0df65c4,20250518,외국인(c),16.613136291503906,44250
6763f65f24a37b0ba0df65c5,20250519,현지인(a),14335.6953125,44270
6763f65f24a37b0ba0df65c6,20250519,외지인(b),27929.869140625,44270
6763f65f24a37b0ba0df65c7,20250519,외국인(c),29.803512573242188,44270
6763f65f24a37b0ba0df65c8,20250520,현지인(a),10949.6396484375,44710
6763f65f24a37b0ba0df65c9,20250520,외지인(b),16422.21875,44710
6763f65f24a37b0ba0df65ca,20250520,외국인(c),17.19803810119629,44710
6763f65f24a37b0ba0df65cb,20250521,현지인(a),11799.0078125,44760
6763f65f24a37b0ba0df65cc,20250521,외지인(b),20092.134765625,44760
6763f65f24a37b0ba0df65cd,20250521,외국인(c),29.95732879638672,44760
6763f65f24a37b0ba0df65ce,20250522,현지인(a),10131.1689453125,44770
6763f65f24a37b0ba0df65cf,20250522,외지인(b),23170.056640625,44770
6763f65f24a37b0ba0df65d0,20250522,외국인(c),16.72156524658203,44770
6763f65f24a37b0ba0df65d1,20250523,현지인(a),9568.9453125,44790
6763f65f24a37b0ba0df65d2,20250523,외지인(b),5968.38330078125,44790
6763f65f24a37b0ba0df65d3,20250523,외국인(c),12.785468101501465,44790
6763f65f24a37b0ba0df65d4,20250524,현지인(a),13289.5078125,44800
6763f65f24a37b0ba0df65d5,20250524,외지인(b),20961.890625,44800
6763f65f24a37b0ba0df65d6,20250524,외국인(c),12.234386444091797,44800
6763f65f24a37b0ba0df65d7,20250525,현지인(a),16663.927734375,44810
6763f65f24a37b0ba0df65d8,20250525,외지인(b),10331.806640625,44810
6763f65f24a37b0ba0df65d9,20250525,외국인(c),11.977655410766602,44810
6763f65f24a37b0ba0df65da,20250526,현지인(a),10740.1298828125,44825
6763f65f24a37b0ba0df65db,20250526,외지인(b),11689.2275390625,44825
6763f65f24a37b0ba0df65dc,20250526,외국인(c),18.093769073486328,44825
6763f65f24a37b0ba0df65dd,20250527,현지인(a),9775.3759765625,45111
6763f65f24a37b0ba0df65de,20250527,외지인(b),7900.0166015625,45111
6763f65f24a37b0ba0df65df,20250527,외국인(c),13.670098304748535,45111
6763f65f24a37b0ba0df65e0,20250528,현지인(a),9603.9189453125,45113
6763f65f24a37b0ba0df65e1,20250528,외지인(b),9089.4765625,45113
6763f65f24a37b0ba0df65e2,20250528,외국인(c),13.51320743560791,45113
6763f65f24a37b0ba0df65e3,20250529,현지인(a),10131.1689453125,45130
6763f65f24a37b0ba0df65e4,20250529,외지인(b),10508.8974609375,45130
6763f65f24a37b0ba0df65e5,20250529,외국인(c),16.72156524658203,45130
6763f65f24a37b0ba0df65e6,20250530,현지인(a),9568.9453125,45140
6763f65f24a37b0ba0df65e7,20250530,외지인(b),5968.38330078125,45140
6763f65f24a37b0ba0df65e8,20250530,외국인(c),12.785468101501465,45140
6763f65f24a37b0ba0df65e9,20250531,현지인(a),13289.5078125,45180
6763f65f24a37b0ba0df65ea,20250531,외지인(b),20961.890625,45180
6763f65f24a37b0ba0df65eb,20250531,외국인(c),12.234386444091797,45180
6763f65f24a37b0ba0df65ec,20250601,현지인(a),16663.927734375,45190
6763f65f24a37b0ba0df65ed,20250601,외지인(b),10331.806640625,45190
6763f65f24a37b0ba0df65ee,20250601,외국인(c),11.977655410766602,45190
6763f65f24a37b0ba0df65ef,20250602,현지인(a),10740.1298828125,45210
6763f65f24a37b0ba0df65f0,20250602,외지인(b),11689.2275390625,45210
6763f65f24a37b0ba0df65f1,20250602,외국인(c),18.093769073486328,45210
6763f65f24a37b0ba0df65f2,20250603,현지인(a),9775.3759765625,45710
6763f65f24a37b0ba0df65f3,20250603,외지인(b),7900.0166015625,45710
6763f65f24a37b0ba0df65f4,20250603,외국인(c),13.670098304748535,45710
6763f65f24a37b0ba0df65f5,20250604,현지인(a),9603.9189453125,45720
6763f65f24a37b0ba0df65f6,20250604,외지인(b),9089.4765625,45720
6763f65f24a37b0ba0df65f7,20250604,외국인(c),13.51320743560791,45720
6763f65f24a37b0ba0df65f8,20250605,현지인(a),10131.1689453125,45730
6763f65f24a37b0ba0df65f9,20250605,외지인(b),10508.8974609375,45730
6763f65f24a37b0ba0df65fa,20250605,외국인(c),16.72156524658203,45730
6763f65f24a37b0ba0df65fb,20250606,현지인(a),9568.9453125,45740
6763f65f24a37b0ba0df65fc,20250606,외지인(b),5968.38330078125,45740
6763f65f24a37b0ba0df65fd,20250606,외국인(c),12.785468101501465,45740
6763f65f24a37b0ba0df65fe,20250607,현지인(a),13289.5078125,45750
6763f65f24a37b0ba0df65ff,20250607,외지인(b),20961.890625,45750
6763f65f24a37b0ba0df6600,20250607,외국인(c),12.234386444091797,45750
6763f65f24a37b0ba0df6601,20250608,현지인(a),16663.927734375,45770
6763f65f24a37b0ba0df6602,20250608,외지인(b),10331.806640625,45770
6763f65f24a37b0ba0df6603,20250608,외국인(c),11.977655410766602,45770
6763f65f24a37b0ba0df6604,20250609,현지인(a),10740.1298828125,45790
6763f65f24a37b0ba0df6605,20250609,외지인(b),11689.2275390625,45790
6763f65f24a37b0ba0df6606,20250609,외국인(c),18.093769073486328,45790
6763f65f24a37b0ba0df6607,20250610,현지인(a),9775.3759765625,45800
6763f65f24a37b0ba0df6608,20250610,외지인(b),7900.0166015625,45800
6763f65f24a37b0ba0df6609,20250610,외국인(c),13.670098304748535,45800
6763f65f24a37b0ba0df660a,20250611,현지인(a),9603.9189453125,46110
6763f65f24a37b0ba0df660b,20250611,외지인(b),9089.4765625,46110
6763f65f24a37b0ba0df660c,20250611,외국인(c),13.51320743560791,46110
6763f65f24a37b0ba0df660d,20250612,현지인(a),10131.1689453125,46130
6763f65f24a37b0ba0df660e,20250612,외지인(b),23170.056640625,46130
6763f65f24a37b0ba0df660f,20250612,외국인(c),28.53317642211914,46130
6763f65f24a37b0ba0df6610,20250613,현지인(a),9568.9453125,46150
6763f65f24a37b0ba0df6611,20250613,외지인(b),5968.38330078125,46150
6763f65f24a37b0ba0df6612,20250613,외국인(c),12.785468101501465,46150
6763f65f24a37b0ba0df6613,20250614,현지인(a),13289.5078125,46170
6763f65f24a37b0ba0df6614,20250614,외지인(b),20961.890625,46170
6763f65f24a37b0ba0df6615,20250614,외국인(c),12.234386444091797,46170
6763f65f24a37b0ba0df6616,20250615,현지인(a),16663.927734375,46230
6763f65f24a37b0ba0df6617,20250615,외지인(b),10331.806640625,46230
6763f65f24a37b0ba0df6618,20250615,외국인(c),11.977655410766602,46230
6763f65f24a37b0ba0df6619,20250616,현지인(a),10740.1298828125,46710
6763f65f24a37b0ba0df661a,20250616,외지인(b),11689.2275390625,46710
6763f65f24a37b0ba0df661b,20250616,외국인(c),18.093769073486328,46710
6763f65f24a37b0ba0df661c,20250617,현지인(a),9775.3759765625,46720
6763f65f24a37b0ba0df661d,20250617,외지인(b),7900.0166015625,46720
6763f65f24a37b0ba0df661e,20250617,외국인(c),13.670098304748535,46720
6763f65f24a37b0ba0df661f,20250618,현지인(a),9603.9189453125,46730
6763f65f24a37b0ba0df6620,20250618,외지인(b),9089.4765625,46730
6763f65f24a37b0ba0df6621,20250618,외국인(c),13.51320743560791,46730
6763f65f24a37b0ba0df6622,20250619,현지인(a),10131.1689453125,46770
6763f65f24a37b0ba0df6623,20250619,외지인(b),10508.8974609375,46770
6763f65f24a37b0ba0df6624,20250619,외국인(c),16.72156524658203,46770
6763f65f24a37b0ba0df6625,20250620,현지인(a),9568.9453125,46780
6763f65f24a37b0ba0df6626,20250620,외지인(b),5968.38330078125,46780
6763f65f24a37b0ba0df6627,20250620,외국인(c),12.785468101501465,46780
6763f65f24a37b0ba0df6628,20250621,현지인(a),13289.5078125,46790
6763f65f24a37b0ba0df6629,20250621,외지인(b),36316.92578125,46790
6763f65f24a37b0ba0df662a,20250621,외국인(c),11.473058700561523,46790
6763f65f24a37b0ba0df662b,20250622,현지인(a),14448.7177734375,46800
6763f65f24a37b0ba0df662c,20250622,외지인(b),9461.9814453125,46800
6763f65f24a37b0ba0df662d,20250622,외국인(c),11.661412239074707,46800
6763f65f24a37b0ba0df662e,20250623,현지인(a),8122.5419921875,46810
6763f65f24a37b0ba0df662f,20250623,외지인(b),14354.78125,46810
6763f65f24a37b0ba0df6630,20250623,외국인(c),28.684003829956055,46810
6763f65f24a37b0ba0df6631,20250624,현지인(a),6261.939453125,46820
6763f65f24a37b0ba0df6632,20250624,외지인(b),8489.8740234375,46820
6763f65f24a37b0ba0df6633,20250624,외국인(c),12.141813278198242,46820
6763f65f24a37b0ba0df6634,20250625,현지인(a),7642.88916015625,46830
6763f65f24a37b0ba0df6635,20250625,외지인(b),10047.392578125,46830
6763f65f24a37b0ba0df6636,20250625,외국인(c),16.49030303955078,46830
6763f65f24a37b0ba0df6637,20250626,현지인(a),11735.5185546875,46840
6763f65f24a37b0ba0df6638,20250626,외지인(b),9226.2314453125,46840
6763f65f24a37b0ba0df6639,20250626,외국인(c),19.05222511291504,46840
6763f65f24a37b0ba0df663a,20250627,현지인(a),6955.4697265625,46860
6763f65f24a37b0ba0df663b,20250627,외지인(b),5382.0634765625,46860
6763f65f24a37b0ba0df663c,20250627,외국인(c),13.962892532348633,46860
6763f65f24a37b0ba0df663d,20250628,현지인(a),11135.185546875,46870
6763f65f24a37b0ba0df663e,20250628,외지인(b),36316.92578125,46870
6763f65f24a37b0ba0df663f,20250628,외국인(c),11.473058700561523,46870
6763f65f24a37b0ba0df6640,20250629,현지인(a),14448.7177734375,46880
6763f65f24a37b0ba0df6641,20250629,외지인(b),9461.9814453125,46880
6763f65f24a37b0ba0df6642,20250629,외국인(c),11.661412239074707,46880
6763f65f24a37b0ba0df6643,20250630,현지인(a),9129.3994140625,46890
6763f65f24a37b0ba0df6644,20250630,외지인(b),14354.78125,46890
6763f65f24a37b0ba0df6645,20250630,외국인(c),28.684003829956055,46890
6763f65f24a37b0ba0df6646,20250701,현지인(a),6261.939453125,46900
6763f65f24a37b0ba0df6647,20250701,외지인(b),8489.8740234375,46900
6763f65f24a37b0ba0df6648,20250701,외국인(c),12.141813278198242,46900
6763f65f24a37b0ba0df6649,20250702,현지인(a),7642.88916015625,46910
6763f65f24a37b0ba0df664a,20250702,외지인(b),10047.392578125,46910
6763f65f24a37b0ba0df664b,20250702,외국인(c),16.49030303955078,46910
6763f65f24a37b0ba0df664c,20250703,현지인(a),11735.5185546875,47111
6763f65f24a37b0ba0df664d,20250703,외지인(b),9226.2314453125,47111
6763f65f24a37b0ba0df664e,20250703,외국인(c),19.05222511291504,47111
6763f65f24a37b0ba0df664f,20250704,현지인(a),6955.4697265625,47113
6763f65f24a37b0ba0df6650,20250704,외지인(b),5382.0634765625,47113
6763f65f24a37b0ba0df6651,20250704,외국인(c),13.962892532348633,47113
6763f65f24a37b0ba0df6652,20250705,현지인(a),11135.185546875,47130
6763f65f24a37b0ba0df6653,20250705,외지인(b),36316.92578125,47130
6763f65f24a37b0ba0df6654,20250705,외국인(c),11.473058700561523,47130
6763f65f24a37b0ba0df6655,20250706,현지인(a),14448.7177734375,47150
6763f65f24a37b0ba0df6656,20250706,외지인(b),9461.9814453125,47150
6763f65f24a37b0ba0df6657,20250706,외국인(c),11.661412239074707,47150
6763f65f24a37b0ba0df6658,20250707,현지인(a),9129.3994140625,47170
6763f65f24a37b0ba0df6659,20250707,외지인(b),14354.78125,47170
6763f65f24a37b0ba0df665a,20250707,외국인(c),28.684003829956055,47170
6763f65f24a37b0ba0df665b,20250708,현지인(a),6261.939453125,47190
6763f65f24a37b0ba0df665c,20250708,외지인(b),8489.8740234375,47190
6763f65f24a37b0ba0df665d,20250708,외국인(c),12.141813278198242,47190
6763f65f24a37b0ba0df665e,20250709,현지인(a),7642.88916015625,47210
6763f65f24a37b0ba0df665f,20250709,외지인(b),10047.392578125,47210
6763f65f24a37b0ba0df6660,20250709,외국인(c),16.49030303955078,47210
6763f65f24a37b0ba0df6661,20250710,현지인(a),11735.5185546875,47230
6763f65f24a37b0ba0df6662,20250710,외지인(b),9226.2314453125,47230
6763f65f24a37b0ba0df6663,20250710,외국인(c),19.05222511291504,47230
6763f65f24a37b0ba0df6664,20250711,현지인(a),6955.4697265625,47250
6763f65f24a37b0ba0df6665,20250711,외지인(b),5382.0634765625,47250
6763f65f24a37b0ba0df6666,20250711,외국인(c),13.962892532348633,47250
6763f65f24a37b0ba0df6667,20250712,현지인(a),11135.185546875,47280
6763f65f24a37b0ba0df6668,20250712,외지인(b),36316.92578125,47280
6763f65f24a37b0ba0df6669,20250712,외국인(c),11.473058700561523,47280
6763f65f24a37b0ba0df666a,20250713,현지인(a),14448.7177734375,47290
6763f65f24a37b0ba0df666b,20250713,외지인(b),9461.9814453125,47290
6763f65f24a37b0ba0df666c,20250713,외국인(c),11.661412239074707,47290
6763f65f24a37b0ba0df666d,20250714,현지인(a),9129.3994140625,47730
6763f65f24a37b0ba0df666e,20250714,외지인(b),14354.78125,47730
6763f65f24a37b0ba0df666f,20250714,외국인(c),28.684003829956055,47730
6763f65f24a37b0ba0df6670,20250715,현지인(a),6261.939453125,47750
6763f65f24a37b0ba0df6671,20250715,외지인(b),8489.8740234375,47750
6763f65f24a37b0ba0df6672,20250715,외국인(c),12.141813278198242,47750
6763f65f24a37b0ba0df6673,20250716,현지인(a),7642.88916015625,47760
6763f65f24a37b0ba0df6674,20250716,외지인(b),29451.498046875,47760
6763f65f24a37b0ba0df6675,20250716,외국인(c),16.49030303955078,47760
6763f65f24a37b0ba0df6676,20250717,현지인(a),11735.5185546875,47770
6763f65f24a37b0ba0df6677,20250717,외지인(b),9226.2314453125,47770
6763f65f24a37b0ba0df6678,20250717,외국인(c),19.05222511291504,47770
6763f65f24a37b0ba0df6679,20250718,현지인(a),6955.4697265625,47820
6763f65f24a37b0ba0df667a,20250718,외지인(b),5382.0634765625,47820
6763f65f24a37b0ba0df667b,20250718,외국인(c),13.962892532348633,47820
6763f65f24a37b0ba0df667c,20250719,현지인(a),11135.185546875,47830
6763f65f24a37b0ba0df667d,20250719,외지인(b),36316.92578125,47830
6763f65f24a37b0ba0df667e,20250719,외국인(c),11.473058700561523,47830
6763f65f24a37b0ba0df667f,20250720,현지인(a),14448.7177734375,47840
6763f65f24a37b0ba0df6680,20250720,외지인(b),9461.9814453125,47840
6763f65f24a37b0ba0df6681,20250720,외국인(c),11.661412239074707,47840
6763f65f24a37b0ba0df6682,20250721,현지인(a),9129.3994140625,47850
6763f65f24a37b0ba0df6683,20250721,외지인(b),14354.78125,47850
6763f65f24a37b0ba0df6684,20250721,외국인(c),28.684003829956055,47850
6763f65f24a37b0ba0df6685,20250722,현지인(a),6864.49755859375,47900
6763f65f24a37b0ba0df6686,20250722,외지인(b),7756.12841796875,47900
6763f65f24a37b0ba0df6687,20250722,외국인(c),12.459249496459961,47900
6763f65f24a37b0ba0df6688,20250723,현지인(a),7364.53369140625,47920
6763f65f24a37b0ba0df6689,20250723,외지인(b),7972.76806640625,47920
6763f65f24a37b0ba0df668a,20250723,외국인(c),17.26658058166504,47920
6763f65f24a37b0ba0df668b,20250724,현지인(a),10140.44921875,47930
6763f65f24a37b0ba0df668c,20250724,외지인(b),8490.1982421875,47930
6763f65f24a37b0ba0df668d,20250724,외국인(c),18.663578033447266,47930
6763f65f24a37b0ba0df668e,20250725,현지인(a),7744.97314453125,47940
6763f65f24a37b0ba0df668f,20250725,외지인(b),4753.6435546875,47940
6763f65f24a37b0ba0df6690,20250725,외국인(c),12.264339447021484,47940
6763f65f24a37b0ba0df6691,20250726,현지인(a),11484.533203125,48121
6763f65f24a37b0ba0df6692,20250726,외지인(b),27446.041015625,48121
6763f65f24a37b0ba0df6693,20250726,외국인(c),11.750161170959473,48121
6763f65f24a37b0ba0df6694,20250727,현지인(a),15561.439453125,48123
6763f65f24a37b0ba0df6695,20250727,외지인(b),9244.8525390625,48123
6763f65f24a37b0ba0df6696,20250727,외국인(c),10.949498176574707,48123
6763f65f24a37b0ba0df6697,20250728,현지인(a),8257.3017578125,48125
6763f65f24a37b0ba0df6698,20250728,외지인(b),11258.763671875,48125
6763f65f24a37b0ba0df6699,20250728,외국인(c),23.71782875061035,48125
6763f65f24a37b0ba0df669a,20250729,현지인(a),6864.49755859375,48127
6763f65f24a37b0ba0df669b,20250729,외지인(b),7756.12841796875,48127
6763f65f24a37b0ba0df669c,20250729,외국인(c),12.459249496459961,48127
6763f65f24a37b0ba0df669d,20250730,현지인(a),7364.53369140625,48129
6763f65f24a37b0ba0df669e,20250730,외지인(b),7972.76806640625,48129
6763f65f24a37b0ba0df669f,20250730,외국인(c),17.26658058166504,48129
6763f65f24a37b0ba0df66a0,20250731,현지인(a),10140.44921875,48170
6763f65f24a37b0ba0df66a1,20250731,외지인(b),8490.1982421875,48170
6763f65f24a37b0ba0df66a2,20250731,외국인(c),18.663578033447266,48170
6763f65f24a37b0ba0df66a3,20250801,현지인(a),7744.97314453125,48220
6763f65f24a37b0ba0df66a4,20250801,외지인(b),4753.6435546875,48220
6763f65f24a37b0ba0df66a5,20250801,외국인(c),22.02430534362793,48220
6763f65f24a37b0ba0df66a6,20250802,현지인(a),11484.533203125,48240
6763f65f24a37b0ba0df66a7,20250802,외지인(b),62497.9375,48240
6763f65f24a37b0ba0df66a8,20250802,외국인(c),24.11347198486328,48240
6763f65f24a37b0ba0df66a9,20250803,현지인(a),11949.8701171875,48250
6763f65f24a37b0ba0df66aa,20250803,외지인(b),26845.845703125,48250
6763f65f24a37b0ba0df66ab,20250803,외국인(c),17.476604461669922,48250
6763f65f24a37b0ba0df66ac,20250804,현지인(a),8257.3017578125,48270
6763f65f24a37b0ba0df66ad,20250804,외지인(b),11258.763671875,48270
6763f65f24a37b0ba0df66ae,20250804,외국인(c),23.71782875061035,48270
6763f65f24a37b0ba0df66af,20250805,현지인(a),6864.49755859375,48310
6763f65f24a37b0ba0df66b0,20250805,외지인(b),7756.12841796875,48310
6763f65f24a37b0ba0df66b1,20250805,외국인(c),12.459249496459961,48310
6763f65f24a37b0ba0df66b2,20250806,현지인(a),7364.53369140625,48330
6763f65f24a37b0ba0df66b3,20250806,외지인(b),7972.76806640625,48330
6763f65f24a37b0ba0df66b4,20250806,외국인(c),17.26658058166504,48330
6763f65f24a37b0ba0df66b5,20250807,현지인(a),10140.44921875,48720
6763f65f24a37b0ba0df66b6,20250807,외지인(b),8490.1982421875,48720
6763f65f24a37b0ba0df66b7,20250807,외국인(c),18.663578033447266,48720
6763f65f24a37b0ba0df66b8,20250808,현지인(a),7744.97314453125,48730
6763f65f24a37b0ba0df66b9,20250808,외지인(b),4753.6435546875,48730
6763f65f24a37b0ba0df66ba,20250808,외국인(c),12.264339447021484,48730
6763f65f24a37b0ba0df66bb,20250809,현지인(a),11484.533203125,48740
6763f65f24a37b0ba0df66bc,20250809,외지인(b),27446.041015625,48740
6763f65f24a37b0ba0df66bd,20250809,외국인(c),11.750161170959473,48740
6763f65f24a37b0ba0df66be,20250810,현지인(a),15561.439453125,48820
6763f65f24a37b0ba0df66bf,20250810,외지인(b),9244.8525390625,48820
6763f65f24a37b0ba0df66c0,20250810,외국인(c),10.949498176574707,48820
6763f65f24a37b0ba0df66c1,20250811,현지인(a),8257.3017578125,48840
6763f65f24a37b0ba0df66c2,20250811,외지인(b),11258.763671875,48840
6763f65f24a37b0ba0df66c3,20250811,외국인(c),23.71782875061035,48840
6763f65f24a37b0ba0df66c4,20250812,현지인(a),6864.49755859375,48850
6763f65f24a37b0ba0df66c5,20250812,외지인(b),7756.12841796875,48850
6763f65f24a37b0ba0df66c6,20250812,외국인(c),12.459249496459961,48850
6763f65f24a37b0ba0df66c7,20250813,현지인(a),7364.53369140625,48860
6763f65f24a37b0ba0df66c8,20250813,외지인(b),7972.76806640625,48860
6763f65f24a37b0ba0df66c9,20250813,외국인(c),17.26658058166504,48860
6763f65f24a37b0ba0df66ca,20250814,현지인(a),10140.44921875,48870
6763f65f24a37b0ba0df66cb,20250814,외지인(b),8490.1982421875,48870
6763f65f24a37b0ba0df66cc,20250814,외국인(c),18.663578033447266,48870
6763f65f24a37b0ba0df66cd,20250815,현지인(a),7744.97314453125,48880
6763f65f24a37b0ba0df66ce,20250815,외지인(b),4753.6435546875,48880
6763f65f24a37b0ba0df66cf,20250815,외국인(c),12.264339447021484,48880
6763f65f24a37b0ba0df66d0,20250816,현지인(a),11484.533203125,48890
6763f65f24a37b0ba0df66d1,20250816,외지인(b),27446.041015625,48890
6763f65f24a37b0ba0df66d2,20250816,외국인(c),11.750161170959473,48890
6763f65f24a37b0ba0df66d3,20250817,현지인(a),15561.439453125,50110
6763f65f24a37b0ba0df66d4,20250817,외지인(b),9244.8525390625,50110
6763f65f24a37b0ba0df66d5,20250817,외국인(c),10.949498176574707,50110
6763f65f24a37b0ba0df66d6,20250818,현지인(a),8257.3017578125,50130
6763f65f24a37b0ba0df66d7,20250818,외지인(b),11258.763671875,50130
6763f65f24a37b0ba0df66d8,20250818,외국인(c),23.71782875061035,50130
6763f65f24a37b0ba0df66d9,20250819,현지인(a),6864.49755859375,51110
6763f65f24a37b0ba0df66da,20250819,외지인(b),7756.12841796875,51110
6763f65f24a37b0ba0df66db,20250819,외국인(c),12.459249496459961,51110
6763f65f24a37b0ba0df66dc,20250820,현지인(a),7364.53369140625,51130
6763f65f24a37b0ba0df66dd,20250820,외지인(b),7972.76806640625,51130
6763f65f24a37b0ba0df66de,20250820,외국인(c),17.26658058166504,51130
6763f65f24a37b0ba0df66df,20250821,현지인(a),10140.44921875,51150
6763f65f24a37b0ba0df66e0,20250821,외지인(b),20550.1015625,51150
6763f65f24a37b0ba0df66e1,20250821,외국인(c),26.74288558959961,51150
6763f65f24a37b0ba0df66e2,20250822,현지인(a),12382.7451171875,51170
6763f65f24a37b0ba0df66e3,20250822,외지인(b),12540.974609375,51170
6763f65f24a37b0ba0df66e4,20250822,외국인(c),19.067174911499023,51170
6763f65f24a37b0ba0df66e5,20250823,현지인(a),18752.04296875,51190
6763f65f24a37b0ba0df66e6,20250823,외지인(b),61842.421875,51190
6763f65f24a37b0ba0df66e7,20250823,외국인(c),16.1019229888916,51190
6763f65f24a37b0ba0df66e8,20250824,현지인(a),32622.865234375,51210
6763f65f24a37b0ba0df66e9,20250824,외지인(b),20896.779296875,51210
6763f65f24a37b0ba0df66ea,20250824,외국인(c),16.613136291503906,51210
6763f65f24a37b0ba0df66eb,20250825,현지인(a),14335.6953125,51230
6763f65f24a37b0ba0df66ec,20250825,외지인(b),27929.869140625,51230
6763f65f24a37b0ba0df66ed,20250825,외국인(c),29.803512573242188,51230
6763f65f24a37b0ba0df66ee,20250826,현지인(a),10949.6396484375,51720
6763f65f24a37b0ba0df66ef,20250826,외지인(b),16422.21875,51720
6763f65f24a37b0ba0df66f0,20250826,외국인(c),17.19803810119629,51720
6763f65f24a37b0ba0df66f1,20250827,현지인(a),11799.0078125,51730
6763f65f24a37b0ba0df66f2,20250827,외지인(b),20092.134765625,51730
6763f65f24a37b0ba0df66f3,20250827,외국인(c),22.49367332458496,51730
6763f65f24a37b0ba0df66f4,20250828,현지인(a),62654.234375,51750
6763f65f24a37b0ba0df66f5,20250828,외지인(b),20550.1015625,51750
6763f65f24a37b0ba0df66f6,20250828,외국인(c),26.74288558959961,51750
6763f65f24a37b0ba0df66f7,20250829,현지인(a),12382.7451171875,51760
6763f65f24a37b0ba0df66f8,20250829,외지인(b),28543.162109375,51760
6763f65f24a37b0ba0df66f9,20250829,외국인(c),19.067174911499023,51760
6763f65f24a37b0ba0df66fa,20250830,현지인(a),18752.04296875,51770
6763f65f24a37b0ba0df66fb,20250830,외지인(b),61842.421875,51770
6763f65f24a37b0ba0df66fc,20250830,외국인(c),16.1019229888916,51770
6763f65f24a37b0ba0df66fd,20250831,현지인(a),32622.865234375,51780
6763f65f24a37b0ba0df66fe,20250831,외지인(b),20896.779296875,51780
6763f65f24a37b0ba0df66ff,20250831,외국인(c),16.1019229888916,51780
6763f65f24a37b0ba0df6700,20250901,현지인(a),32622.865234375,51790
6763f65f24a37b0ba0df6701,20250901,외지인(b),49665.33984375,51790
6763f65f24a37b0ba0df6702,20250901,외국인(c),16.613136291503906,51790
6763f65f24a37b0ba0df6703,20250902,현지인(a),14335.6953125,51800
6763f65f24a37b0ba0df6704,20250902,외지인(b),27929.869140625,51800
6763f65f24a37b0ba0df6705,20250902,외국인(c),29.803512573242188,51800
6763f65f24a37b0ba0df6706,20250903,현지인(a),10949.6396484375,51810
6763f65f24a37b0ba0df6707,20250903,외지인(b),16422.21875,51810
6763f65f24a37b0ba0df6708,20250903,외국인(c),17.19803810119629,51810
6763f65f24a37b0ba0df6709,20250904,현지인(a),11799.0078125,51820
6763f65f24a37b0ba0df670a,20250904,외지인(b),20092.134765625,51820
6763f65f24a37b0ba0df670b,20250904,외국인(c),22.49367332458496,51820
6763f65f24a37b0ba0df670c,20250905,현지인(a),62654.234375,51830
6763f65f24a37b0ba0df670d,20250905,외지인(b),20550.1015625,51830
6763f65f24a37b0ba0df670e,20250905,외국인(c),26.74288558959961,51830
6763f65f24a37b0ba0df670f,20250906,현지인(a),12382.7451171875,11110
6763f65f24a37b0ba0df6710,20250906,외지인(b),12540.974609375,11110
6763f65f24a37b0ba0df6711,20250906,외국인(c),19.067174911499023,11110
6763f65f24a37b0ba0df6712,20250907,현지인(a),18752.04296875,11140
6763f65f24a37b0ba0df6713,20250907,외지인(b),61842.421875,11140
6763f65f24a37b0ba0df6714,20250907,외국인(c),16.1019229888916,11140
6763f65f24a37b0ba0df6715,20250908,현지인(a),32622.865234375,11170
6763f65f24a37b0ba0df6716,20250908,외지인(b),20896.779296875,11170
6763f65f24a37b0ba0df6717,20250908,외국인(c),16.613136291503906,11170
6763f65f24a37b0ba0df6718,20250909,현지인(a),14335.6953125,11200
6763f65f24a37b0ba0df6719,20250909,외지인(b),27929.869140625,11200
6763f65f24a37b0ba0df671a,20250909,외국인(c),29.803512573242188,11200
6763f65f24a37b0ba0df671b,20250910,현지인(a),10949.6396484375,11215
6763f65f24a37b0ba0df671c,20250910,외지인(b),60327.72265625,11215
6763f65f24a37b0ba0df671d,20250910,외국인(c),32.596927642822266,11215
6763f65f24a37b0ba0df671e,20250911,현지인(a),9999.115234375,11230
6763f65f24a37b0ba0df671f,20250911,외지인(b),20092.134765625,11230
6763f65f24a37b0ba0df6720,20250911,외국인(c),22.49367332458496,11230
6763f65f24a37b0ba0df6721,20250912,현지인(a),62654.234375,11260
6763f65f24a37b0ba0df6722,20250912,외지인(b),20550.1015625,11260
6763f65f24a37b0ba0df6723,20250912,외국인(c),26.74288558959961,11260
6763f65f24a37b0ba0df6724,20250913,현지인(a),12382.7451171875,11290
6763f65f24a37b0ba0df6725,20250913,외지인(b),12540.974609375,11290
6763f65f24a37b0ba0df6726,20250913,외국인(c),19.067174911499023,11290
6763f65f24a37b0ba0df6727,20250914,현지인(a),18752.04296875,11305
6763f65f24a37b0ba0df6728,20250914,외지인(b),61842.421875,11305
6763f65f24a37b0ba0df6729,20250914,외국인(c),16.1019229888916,11305
6763f65f24a37b0ba0df672a,20250915,현지인(a),32622.865234375,11320
6763f65f24a37b0ba0df672b,20250915,외지인(b),20896.779296875,11320
6763f65f24a37b0ba0df672c,20250915,외국인(c),16.613136291503906,11320
6763f65f24a37b0ba0df672d,20250916,현지인(a),14335.6953125,11350
6763f65f24a37b0ba0df672e,20250916,외지인(b),27929.869140625,11350
6763f65f24a37b0ba0df672f,20250916,외국인(c),29.803512573242188,11350
6763f65f24a37b0ba0df6730,20250917,현지인(a),10949.6396484375,11380
6763f65f24a37b0ba0df6731,20250917,외지인(b),16422.21875,11380
6763f65f24a37b0ba0df6732,20250917,외국인(c),17.19803810119629,11380
6763f65f24a37b0ba0df6733,20250918,현지인(a),11799.0078125,11410
6763f65f24a37b0ba0df6734,20250918,외지인(b),20092.134765625,11410
6763f65f24a37b0ba0df6735,20250918,외국인(c),22.49367332458496,11410
6763f65f24a37b0ba0df6736,20250919,현지인(a),62654.234375,11440
6763f65f24a37b0ba0df6737,20250919,외지인(b),20550.1015625,11440
6763f65f24a37b0ba0df6738,20250919,외국인(c),26.74288558959961,11440
6763f65f24a37b0ba0df6739,20250920,현지인(a),12382.7451171875,11470
6763f65f24a37b0ba0df673a,20250920,외지인(b),12540.974609375,11470
6763f65f24a37b0ba0df673b,20250920,외국인(c),19.067174911499023,11470
6763f65f24a37b0ba0df673c,20250921,현지인(a),11452.33203125,11500
6763f65f24a37b0ba0df673d,20250921,외지인(b),20961.890625,11500
6763f65f24a37b0ba0df673e,20250921,외국인(c),26.71936798095703,11500
6763f65f24a37b0ba0df673f,20250922,현지인(a),16663.927734375,11530
6763f65f24a37b0ba0df6740,20250922,외지인(b),10331.806640625,11530
6763f65f24a37b0ba0df6741,20250922,외국인(c),11.977655410766602,11530
6763f65f24a37b0ba0df6742,20250923,현지인(a),10740.1298828125,11545
6763f65f24a37b0ba0df6743,20250923,외지인(b),11689.2275390625,11545
6763f65f24a37b0ba0df6744,20250923,외국인(c),18.093769073486328,11545
6763f65f24a37b0ba0df6745,20250924,현지인(a),9775.3759765625,11560
6763f65f24a37b0ba0df6746,20250924,외지인(b),7900.0166015625,11560
6763f65f24a37b0ba0df6747,20250924,외국인(c),13.670098304748535,11560
6763f65f24a37b0ba0df6748,20250925,현지인(a),9603.9189453125,11590
6763f65f24a37b0ba0df6749,20250925,외지인(b),9089.4765625,11590
6763f65f24a37b0ba0df674a,20250925,외국인(c),13.51320743560791,11590
6763f65f24a37b0ba0df674b,20250926,현지인(a),10131.1689453125,11620
6763f65f24a37b0ba0df674c,20250926,외지인(b),10508.8974609375,11620
6763f65f24a37b0ba0df674d,20250926,외국인(c),16.72156524658203,11620
6763f65f24a37b0ba0df674e,20250927,현지인(a),9568.9453125,11650
6763f65f24a37b0ba0df674f,20250927,외지인(b),5968.38330078125,11650
6763f65f24a37b0ba0df6750,20250927,외국인(c),12.785468101501465,11650
6763f65f24a37b0ba0df6751,20250928,현지인(a),13289.5078125,11680
6763f65f24a37b0ba0df6752,20250928,외지인(b),20961.890625,11680
6763f65f24a37b0ba0df6753,20250928,외국인(c),12.234386444091797,11680
6763f65f24a37b0ba0df6754,20250929,현지인(a),16663.927734375,11710
6763f65f24a37b0ba0df6755,20250929,외지인(b),10331.806640625,11710
6763f65f24a37b0ba0df6756,20250929,외국인(c),11.977655410766602,11710
6763f65f24a37b0ba0df6757,20250930,현지인(a),10740.1298828125,11740
6763f65f24a37b0ba0df6758,20250930,외지인(b),11689.2275390625,11740
6763f65f24a37b0ba0df6759,20250930,외국인(c),18.093769073486328,11740
6763f65f24a37b0ba0df675a,20251001,현지인(a),9775.3759765625,26110
6763f65f24a37b0ba0df675b,20251001,외지인(b),7900.0166015625,26110
6763f65f24a37b0ba0df675c,20251001,외국인(c),13.670098304748535,26110
6763f65f24a37b0ba0df675d,20251002,현지인(a),9603.9189453125,26140
6763f65f24a37b0ba0df675e,20251002,외지인(b),9089.4765625,26140
6763f65f24a37b0ba0df675f,20251002,외국인(c),13.51320743560791,26140
6763f65f24a37b0ba0df6760,20251003,현지인(a),10131.1689453125,26170
6763f65f24a37b0ba0df6761,20251003,외지인(b),10508.8974609375,26170
6763f65f24a37b0ba0df6762,20251003,외국인(c),16.72156524658203,26170
6763f65f24a37b0ba0df6763,20251004,현지인(a),9568.9453125,26200
6763f65f24a37b0ba0df6764,20251004,외지인(b),5968.38330078125,26200
6763f65f24a37b0ba0df6765,20251004,외국인(c),12.785468101501465,26200
6763f65f24a37b0ba0df6766,20251005,현지인(a),13289.5078125,26230
6763f65f24a37b0ba0df6767,20251005,외지인(b),20961.890625,26230
6763f65f24a37b0ba0df6768,20251005,외국인(c),12.234386444091797,26230
6763f65f24a37b0ba0df6769,20251006,현지인(a),16663.927734375,26260
6763f65f24a37b0ba0df676a,20251006,외지인(b),10331.806640625,26260
6763f65f24a37b0ba0df676b,20251006,외국인(c),11.977655410766602,26260
6763f65f24a37b0ba0df676c,20251007,현지인(a),10740.1298828125,26290
6763f65f24a37b0ba0df676d,20251007,외지인(b),11689.2275390625,26290
6763f65f24a37b0ba0df676e,20251007,외국인(c),18.093769073486328,26290
6763f65f24a37b0ba0df676f,20251008,현지인(a),9775.3759765625,26320
6763f65f24a37b0ba0df6770,20251008,외지인(b),7900.0166015625,26320
6763f65f24a37b0ba0df6771,20251008,외국인(c),13.670098304748535,26320
6763f65f24a37b0ba0df6772,20251009,현지인(a),9603.9189453125,26350
6763f65f24a37b0ba0df6773,20251009,외지인(b),9089.4765625,26350
6763f65f24a37b0ba0df6774,20251009,외국인(c),13.51320743560791,26350
6763f65f24a37b0ba0df6775,20251010,현지인(a),10131.1689453125,26380
6763f65f24a37b0ba0df6776,20251010,외지인(b),10508.8974609375,26380
6763f65f24a37b0ba0df6777,20251010,외국인(c),16.72156524658203,26380
6763f65f24a37b0ba0df6778,20251011,현지인(a),9568.9453125,26410
6763f65f24a37b0ba0df6779,20251011,외지인(b),5968.38330078125,26410
6763f65f24a37b0ba0df677a,20251011,외국인(c),12.785468101501465,26410
6763f65f24a37b0ba0df677b,20251012,현지인(a),13289.5078125,26440
6763f65f24a37b0ba0df677c,20251012,외지인(b),20961.890625,26440
6763f65f24a37b0ba0df677d,20251012,외국인(c),26.71936798095703,26440
6763f65f24a37b0ba0df677e,20251013,현지인(a),13437.8515625,26470
6763f65f24a37b0ba0df677f,20251013,외지인(b),10331.806640625,26470
6763f65f24a37b0ba0df6780,20251013,외국인(c),11.977655410766602,26470
6763f65f24a37b0ba0df6781,20251014,현지인(a),10740.1298828125,26500
6763f65f24a37b0ba0df6782,20251014,외지인(b),11689.2275390625,26500
6763f65f24a37b0ba0df6783,20251014,외국인(c),18.093769073486328,26500
6763f65f24a37b0ba0df6784,20251015,현지인(a),9775.3759765625,26530
6763f65f24a37b0ba0df6785,20251015,외지인(b),7900.0166015625,26530
6763f65f24a37b0ba0df6786,20251015,외국인(c),13.670098304748535,26530
6763f65f24a37b0ba0df6787,20251016,현지인(a),9603.9189453125,26710
6763f65f24a37b0ba0df6788,20251016,외지인(b),9089.4765625,26710
6763f65f24a37b0ba0df6789,20251016,외국인(c),13.51320743560791,26710
6763f65f24a37b0ba0df678a,20251017,현지인(a),10131.1689453125,27110
6763f65f24a37b0ba0df678b,20251017,외지인(b),10508.8974609375,27110
6763f65f24a37b0ba0df678c,20251017,외국인(c),16.72156524658203,27110
6763f65f24a37b0ba0df678d,20251018,현지인(a),9568.9453125,27140
6763f65f24a37b0ba0df678e,20251018,외지인(b),5968.38330078125,27140
6763f65f24a37b0ba0df678f,20251018,외국인(c),12.785468101501465,27140
6763f65f24a37b0ba0df6790,20251019,현지인(a),13289.5078125,27170
6763f65f24a37b0ba0df6791,20251019,외지인(b),20961.890625,27170
6763f65f24a37b0ba0df6792,20251019,외국인(c),12.234386444091797,27170
6763f65f24a37b0ba0df6793,20251020,현지인(a),16663.927734375,27200
6763f65f24a37b0ba0df6794,20251020,외지인(b),10331.806640625,27200
6763f65f24a37b0ba0df6795,20251020,외국인(c),11.977655410766602,27200
6763f65f24a37b0ba0df6796,20251021,현지인(a),10740.1298828125,27230
6763f65f24a37b0ba0df6797,20251021,외지인(b),11689.2275390625,27230
6763f65f24a37b0ba0df6798,20251021,외국인(c),28.684003829956055,27230
6763f65f24a37b0ba0df6799,20251022,현지인(a),6261.939453125,27260
6763f65f24a37b0ba0df679a,20251022,외지인(b),8489.8740234375,27260
6763f65f24a37b0ba0df679b,20251022,외국인(c),12.141813278198242,27260
6763f65f24a37b0ba0df679c,20251023,현지인(a),7642.88916015625,27290
6763f65f24a37b0ba0df679d,20251023,외지인(b),29451.498046875,27290
6763f65f24a37b0ba0df679e,20251023,외국인(c),16.49030303955078,27290
6763f65f24a37b0ba0df679f,20251024,현지인(a),11735.5185546875,27710
6763f65f24a37b0ba0df67a0,20251024,외지인(b),9226.2314453125,27710
6763f65f24a37b0ba0df67a1,20251024,외국인(c),19.05222511291504,27710
6763f65f24a37b0ba0df67a2,20251025,현지인(a),6955.4697265625,27720
6763f65f24a37b0ba0df67a3,20251025,외지인(b),5382.0634765625,27720
6763f65f24a37b0ba0df67a4,20251025,외국인(c),13.962892532348633,27720
6763f65f24a37b0ba0df67a5,20251026,현지인(a),11135.185546875,28110
6763f65f24a37b0ba0df67a6,20251026,외지인(b),36316.92578125,28110
6763f65f24a37b0ba0df67a7,20251026,외국인(c),11.473058700561523,28110
6763f65f24a37b0ba0df67a8,20251027,현지인(a),14448.7177734375,28140
6763f65f24a37b0ba0df67a9,20251027,외지인(b),9461.9814453125,28140
6763f65f24a37b0ba0df67aa,20251027,외국인(c),11.661412239074707,28140
6763f65f24a37b0ba0df67ab,20251028,현지인(a),9129.3994140625,28177
6763f65f24a37b0ba0df67ac,20251028,외지인(b),14354.78125,28177
6763f65f24a37b0ba0df67ad,20251028,외국인(c),28.684003829956055,28177
6763f65f24a37b0ba0df67ae,20251029,현지인(a),6261.939453125,28185
6763f65f24a37b0ba0df67af,20251029,외지인(b),8489.8740234375,28185
6763f65f24a37b0ba0df67b0,20251029,외국인(c),12.141813278198242,28185
6763f65f24a37b0ba0df67b1,20251030,현지인(a),7642.88916015625,28200
6763f65f24a37b0ba0df67b2,20251030,외지인(b),10047.392578125,28200
6763f65f24a37b0ba0df67b3,20251030,외국인(c),16.49030303955078,28200
6763f65f24a37b0ba0df67b4,20251031,현지인(a),11735.5185546875,28237
6763f65f24a37b0ba0df67b5,20251031,외지인(b),9226.2314453125,28237
6763f65f24a37b0ba0df67b6,20251031,외국인(c),19.05222511291504,28237
6763f65f24a37b0ba0df67b7,20251101,현지인(a),6955.4697265625,28245
6763f65f24a37b0ba0df67b8,20251101,외지인(b),5382.0634765625,28245
6763f65f24a37b0ba0df67b9,20251101,외국인(c),13.962892532348633,28245
6763f65f24a37b0ba0df67ba,20251102,현지인(a),11135.185546875,28260
6763f65f24a37b0ba0df67bb,20251102,외지인(b),36316.92578125,28260
6763f65f24a37b0ba0df67bc,20251102,외국인(c),11.473058700561523,28260
6763f65f24a37b0ba0df67bd,20251103,현지인(a),14448.7177734375,28710
6763f65f24a37b0ba0df67be,20251103,외지인(b),9461.9814453125,28710
6763f65f24a37b0ba0df67bf,20251103,외국인(c),11.661412239074707,28710
6763f65f24a37b0ba0df67c0,20251104,현지인(a),9129.3994140625,28720
6763f65f24a37b0ba0df67c1,20251104,외지인(b),14354.78125,28720
6763f65f24a37b0ba0df67c2,20251104,외국인(c),28.684003829956055,28720
6763f65f24a37b0ba0df67c3,20251105,현지인(a),6261.939453125,29110
6763f65f24a37b0ba0df67c4,20251105,외지인(b),8489.8740234375,29110
6763f65f24a37b0ba0df67c5,20251105,외국인(c),12.141813278198242,29110
6763f65f24a37b0ba0df67c6,20251106,현지인(a),7642.88916015625,29140
6763f65f24a37b0ba0df67c7,20251106,외지인(b),10047.392578125,29140
6763f65f24a37b0ba0df67c8,20251106,외국인(c),16.49030303955078,29140
6763f65f24a37b0ba0df67c9,20251107,현지인(a),11735.5185546875,29155
6763f65f24a37b0ba0df67ca,20251107,외지인(b),9226.2314453125,29155
6763f65f24a37b0ba0df67cb,20251107,외국인(c),19.05222511291504,29155
6763f65f24a37b0ba0df67cc,20251108,현지인(a),6955.4697265625,29170
6763f65f24a37b0ba0df67cd,20251108,외지인(b),5382.0634765625,29170
6763f65f24a37b0ba0df67ce,20251108,외국인(c),13.962892532348633,29170
6763f65f24a37b0ba0df67cf,20251109,현지인(a),11135.185546875,29200
6763f65f24a37b0ba0df67d0,20251109,외지인(b),36316.92578125,29200
6763f65f24a37b0ba0df67d1,20251109,외국인(c),11.473058700561523,29200
6763f65f24a37b0ba0df67d2,20251110,현지인(a),14448.7177734375,30110
6763f65f24a37b0ba0df67d3,20251110,외지인(b),9461.9814453125,30110
6763f65f24a37b0ba0df67d4,20251110,외국인(c),11.661412239074707,30110
6763f65f24a37b0ba0df67d5,20251111,현지인(a),9129.3994140625,30140
6763f65f24a37b0ba0df67d6,20251111,외지인(b),14354.78125,30140
6763f65f24a37b0ba0df67d7,20251111,외국인(c),28.684003829956055,30140
6763f65f24a37b0ba0df67d8,20251112,현지인(a),6261.939453125,30170
6763f65f24a37b0ba0df67d9,20251112,외지인(b),8489.8740234375,30170
6763f65f24a37b0ba0df67da,20251112,외국인(c),12.141813278198242,30170
6763f65f24a37b0ba0df67db,20251113,현지인(a),7642.88916015625,30200
6763f65f24a37b0ba0df67dc,20251113,외지인(b),10047.392578125,30200
6763f65f24a37b0ba0df67dd,20251113,외국인(c),16.49030303955078,30200
6763f65f24a37b0ba0df67de,20251114,현지인(a),11735.5185546875,30230
6763f65f24a37b0ba0df67df,20251114,외지인(b),9226.2314453125,30230
6763f65f24a37b0ba0df67e0,20251114,외국인(c),19.05222511291504,30230
6763f65f24a37b0ba0df67e1,20251115,현지인(a),6955.4697265625,31110
6763f65f24a37b0ba0df67e2,20251115,외지인(b),5382.0634765625,31110
6763f65f24a37b0ba0df67e3,20251115,외국인(c),24.126628875732422,31110
6763f65f24a37b0ba0df67e4,20251116,현지인(a),11135.185546875,31140
6763f65f24a37b0ba0df67e5,20251116,외지인(b),36316.92578125,31140
6763f65f24a37b0ba0df67e6,20251116,외국인(c),11.473058700561523,31140
6763f65f24a37b0ba0df67e7,20251117,현지인(a),14448.7177734375,31170
6763f65f24a37b0ba0df67e8,20251117,외지인(b),9461.9814453125,31170
6763f65f24a37b0ba0df67e9,20251117,외국인(c),11.661412239074707,31170
6763f65f24a37b0ba0df67ea,20251118,현지인(a),9129.3994140625,31200
6763f65f24a37b0ba0df67eb,20251118,외지인(b),14354.78125,31200
6763f65f24a37b0ba0df67ec,20251118,외국인(c),28.684003829956055,31200
6763f65f24a37b0ba0df67ed,20251119,현지인(a),6261.939453125,31710
6763f65f24a37b0ba0df67ee,20251119,외지인(b),8489.8740234375,31710
6763f65f24a37b0ba0df67ef,20251119,외국인(c),12.141813278198242,31710
6763f65f24a37b0ba0df67f0,20251120,현지인(a),7642.88916015625,36110
6763f65f24a37b0ba0df67f1,20251120,외지인(b),10047.392578125,36110
6763f65f24a37b0ba0df67f2,20251120,외국인(c),16.49030303955078,36110
6763f65f24a37b0ba0df67f3,20251121,현지인(a),11735.5185546875,41111
6763f65f24a37b0ba0df67f4,20251121,외지인(b),8490.1982421875,41111
6763f65f24a37b0ba0df67f5,20251121,외국인(c),18.663578033447266,41111
6763f65f24a37b0ba0df67f6,20251122,현지인(a),7744.97314453125,41113
6763f65f24a37b0ba0df67f7,20251122,외지인(b),4753.6435546875,41113
6763f65f24a37b0ba0df67f8,20251122,외국인(c),12.264339447021484,41113
6763f65f24a37b0ba0df67f9,20251123,현지인(a),11484.533203125,41115
6763f65f24a37b0ba0df67fa,20251123,외지인(b),27446.041015625,41115
6763f65f24a37b0ba0df67fb,20251123,외국인(c),11.750161170959473,41115
6763f65f24a37b0ba0df67fc,20251124,현지인(a),15561.439453125,41117
6763f65f24a37b0ba0df67fd,20251124,외지인(b),9244.8525390625,41117
6763f65f24a37b0ba0df67fe,20251124,외국인(c),10.949498176574707,41117
6763f65f24a37b0ba0df67ff,20251125,현지인(a),8257.3017578125,41131
6763f65f24a37b0ba0df6800,20251125,외지인(b),11258.763671875,41131
6763f65f24a37b0ba0df6801,20251125,외국인(c),23.71782875061035,41131
6763f65f24a37b0ba0df6802,20251126,현지인(a),6864.49755859375,41133
6763f65f24a37b0ba0df6803,20251126,외지인(b),7756.12841796875,41133
6763f65f24a37b0ba0df6804,20251126,외국인(c),12.459249496459961,41133
6763f65f24a37b0ba0df6805,20251127,현지인(a),7364.53369140625,41135
6763f65f24a37b0ba0df6806,20251127,외지인(b),7972.76806640625,41135
6763f65f24a37b0ba0df6807,20251127,외국인(c),17.26658058166504,41135
6763f65f24a37b0ba0df6808,20251128,현지인(a),10140.44921875,41150
6763f65f24a37b0ba0df6809,20251128,외지인(b),8490.1982421875,41150
6763f65f24a37b0ba0df680a,20251128,외국인(c),18.663578033447266,41150
6763f65f24a37b0ba0df680b,20251129,현지인(a),7744.97314453125,41171
6763f65f24a37b0ba0df680c,20251129,외지인(b),4753.6435546875,41171
6763f65f24a37b0ba0df680d,20251129,외국인(c),12.264339447021484,41171
6763f65f24a37b0ba0df680e,20251130,현지인(a),11484.533203125,41173
6763f65f24a37b0ba0df680f,20251130,외지인(b),27446.041015625,41173
6763f65f24a37b0ba0df6810,20251130,외국인(c),11.750161170959473,41173
6763f65f24a37b0ba0df6811,20251201,현지인(a),15561.439453125,41190
6763f65f24a37b0ba0df6812,20251201,외지인(b),9244.8525390625,41190
6763f65f24a37b0ba0df6813,20251201,외국인(c),10.949498176574707,41190
6763f65f24a37b0ba0df6814,20251202,현지인(a),6807.3291015625,41210
6763f65f24a37b0ba0df6815,20251202,외지인(b),11258.763671875,41210
6763f65f24a37b0ba0df6816,20251202,외국인(c),30.777799606323242,41210
6763f65f24a37b0ba0df6817,20251203,현지인(a),6322.01953125,41220
6763f65f24a37b0ba0df6818,20251203,외지인(b),33187.3125,41220
6763f65f24a37b0ba0df6819,20251203,외국인(c),21.651857376098633,41220
6763f65f24a37b0ba0df681a,20251204,현지인(a),6380.58837890625,41250
6763f65f24a37b0ba0df681b,20251204,외지인(b),7972.76806640625,41250
6763f65f24a37b0ba0df681c,20251204,외국인(c),17.26658058166504,41250
6763f65f24a37b0ba0df681d,20251205,현지인(a),10140.44921875,41271
6763f65f24a37b0ba0df681e,20251205,외지인(b),8490.1982421875,41271
6763f65f24a37b0ba0df681f,20251205,외국인(c),18.663578033447266,41271
6763f65f24a37b0ba0df6820,20251206,현지인(a),7744.97314453125,41273
6763f65f24a37b0ba0df6821,20251206,외지인(b),4753.6435546875,41273
6763f65f24a37b0ba0df6822,20251206,외국인(c),12.264339447021484,41273
6763f65f24a37b0ba0df6823,20251207,현지인(a),11484.533203125,41281
6763f65f24a37b0ba0df6824,20251207,외지인(b),27446.041015625,41281
6763f65f24a37b0ba0df6825,20251207,외국인(c),11.750161170959473,41281
6763f65f24a37b0ba0df6826,20251208,현지인(a),15561.439453125,41285
6763f65f24a37b0ba0df6827,20251208,외지인(b),9244.8525390625,41285
6763f65f24a37b0ba0df6828,20251208,외국인(c),10.949498176574707,41285
6763f65f24a37b0ba0df6829,20251209,현지인(a),8257.3017578125,41287
6763f65f24a37b0ba0df682a,20251209,외지인(b),11258.763671875,41287
6763f65f24a37b0ba0df682b,20251209,외국인(c),23.71782875061035,41287
6763f65f24a37b0ba0df682c,20251210,현지인(a),6864.49755859375,41290
6763f65f24a37b0ba0df682d,20251210,외지인(b),7756.12841796875,41290
6763f65f24a37b0ba0df682e,20251210,외국인(c),12.459249496459961,41290
6763f65f24a37b0ba0df682f,20251211,현지인(a),7364.53369140625,41310
6763f65f24a37b0ba0df6830,20251211,외지인(b),7972.76806640625,41310
6763f65f24a37b0ba0df6831,20251211,외국인(c),17.26658058166504,41310
6763f65f24a37b0ba0df6832,20251212,현지인(a),10140.44921875,41360
6763f65f24a37b0ba0df6833,20251212,외지인(b),8490.1982421875,41360
6763f65f24a37b0ba0df6834,20251212,외국인(c),18.663578033447266,41360
6763f65f24a37b0ba0df6835,20251213,현지인(a),7744.97314453125,41370
6763f65f24a37b0ba0df6836,20251213,외지인(b),4753.6435546875,41370
6763f65f24a37b0ba0df6837,20251213,외국인(c),12.264339447021484,41370
6763f65f24a37b0ba0df6838,20251214,현지인(a),11484.533203125,41390
6763f65f24a37b0ba0df6839,20251214,외지인(b),27446.041015625,41390
6763f65f24a37b0ba0df683a,20251214,외국인(c),11.750161170959473,41390
6763f65f24a37b0ba0df683b,20251215,현지인(a),15561.439453125,41410
6763f65f24a37b0ba0df683c,20251215,외지인(b),9244.8525390625,41410
6763f65f24a37b0ba0df683d,20251215,외국인(c),10.949498176574707,41410
6763f65f24a37b0ba0df683e,20251216,현지인(a),8257.3017578125,41430
6763f65f24a37b0ba0df683f,20251216,외지인(b),11258.763671875,41430
6763f65f24a37b0ba0df6840,20251216,외국인(c),23.71782875061035,41430
6763f65f24a37b0ba0df6841,20251217,현지인(a),6864.49755859375,41450
6763f65f24a37b0ba0df6842,20251217,외지인(b),7756.12841796875,41450
6763f65f24a37b0ba0df6843,20251217,외국인(c),12.459249496459961,41450
6763f65f24a37b0ba0df6844,20251218,현지인(a),7364.53369140625,41461
6763f65f24a37b0ba0df6845,20251218,외지인(b),7972.76806640625,41461
6763f65f24a37b0ba0df6846,20251218,외국인(c),17.26658058166504,41461
6763f65f24a37b0ba0df6847,20251219,현지인(a),10140.44921875,41463
6763f65f24a37b0ba0df6848,20251219,외지인(b),8490.1982421875,41463
6763f65f24a37b0ba0df6849,20251219,외국인(c),18.663578033447266,41463
6763f65f24a37b0ba0df684a,20251220,현지인(a),7744.97314453125,41465
6763f65f24a37b0ba0df684b,20251220,외지인(b),4753.6435546875,41465
6763f65f24a37b0ba0df684c,20251220,외국인(c),12.264339447021484,41465
6763f65f24a37b0ba0df684d,20251221,현지인(a),11484.533203125,41480
6763f65f24a37b0ba0df684e,20251221,외지인(b),27446.041015625,41480
6763f65f24a37b0ba0df684f,20251221,외국인(c),16.1019229888916,41480
6763f65f24a37b0ba0df6850,20251222,현지인(a),32622.865234375,41500
6763f65f24a37b0ba0df6851,20251222,외지인(b),20896.779296875,41500
6763f65f24a37b0ba0df6852,20251222,외국인(c),16.613136291503906,41500
6763f65f24a37b0ba0df6853,20251223,현지인(a),14335.6953125,41550
6763f65f24a37b0ba0df6854,20251223,외지인(b),27929.869140625,41550
6763f65f24a37b0ba0df6855,20251223,외국인(c),29.803512573242188,41550
6763f65f24a37b0ba0df6856,20251224,현지인(a),10949.6396484375,41570
6763f65f24a37b0ba0df6857,20251224,외지인(b),16422.21875,41570
6763f65f24a37b0ba0df6858,20251224,외국인(c),17.19803810119629,41570
6763f65f24a37b0ba0df6859,20251225,현지인(a),11799.0078125,41590
6763f65f24a37b0ba0df685a,20251225,외지인(b),20092.134765625,41590
6763f65f24a37b0ba0df685b,20251225,외국인(c),22.49367332458496,41590
6763f65f24a37b0ba0df685c,20251226,현지인(a),62654.234375,41610
6763f65f24a37b0ba0df685d,20251226,외지인(b),20550.1015625,41610
6763f65f24a37b0ba0df685e,20251226,외국인(c),26.74288558959961,41610
6763f65f24a37b0ba0df685f,20251227,현지인(a),12382.7451171875,41630
6763f65f24a37b0ba0df6860,20251227,외지인(b),12540.974609375,41630
6763f65f24a37b0ba0df6861,20251227,외국인(c),19.067174911499023,41630
6763f65f24a37b0ba0df6862,20251228,현지인(a),18752.04296875,41650
6763f65f24a37b0ba0df6863,20251228,외지인(b),61842.421875,41650
6763f65f24a37b0ba0df6864,20251228,외국인(c),16.1019229888916,41650
6763f65f24a37b0ba0df6865,20251229,현지인(a),32622.865234375,41670
6763f65f24a37b0ba0df6866,20251229,외지인(b),20896.779296875,41670
6763f65f24a37b0ba0df6867,20251229,외국인(c),30.197208404541016,41670
6763f65f24a37b0ba0df6868,20251230,현지인(a),14335.6953125,41800
6763f65f24a37b0ba0df6869,20251230,외지인(b),27929.869140625,41800
6763f65f24a37b0ba0df686a,20251230,외국인(c),29.803512573242188,41800
6763f65f24a37b0ba0df686b,20251231,현지인(a),10949.6396484375,41820
6763f65f24a37b0ba0df686c,20251231,외지인(b),16422.21875,41820
6763f65f24a37b0ba0df686d,20251231,외국인(c),17.19803810119629,41820
